<?xml version="1.0" encoding="UTF-8"?>
<connector-list>
    <connector-info-uri id="bpme"     name="BPM Everywhere"               uri="/bpme-connector.xml" />
	<connector-info-uri id="cs"       name="Content Server"               uri="/content-server-connector.xml" />
    <connector-info-uri id="cordys"   name="Cordys"                       uri="/cordys-connector.xml" />
	<connector-info-uri id="edocs5"   name="eDocs DM"                     uri="/dm-connector.xml" />
	<connector-info-uri id="ums"      name="Enterprise Process Services"  uri="/ums-connector.xml" />
	<connector-info-uri id="mbpm"     name="MBPM"						  uri="/mbpm-connector.xml" />
    <connector-info-uri id="otmm"     name="Media Management"             uri="/otmm-connector.xml" />
    <connector-info-uri id="pcl"      name="Process Component Library"    uri="/pcl-connector.xml" />
	<connector-info-uri id="cordysUX" name="Process Experience"           uri="/processExperience-connector.xml" />
	<connector-info-uri id="sc"		  name="Service Center"				  uri="/servicecenter-connector.xml" />
	<connector-info-uri id="wsmds"	  name="WSM Delivery Server"		  uri="/wsmds-connector.xml" />
	<connector-info-uri id="wsmms"	  name="WSM Management Server"		  uri="/wsmms-connector.xml" />
	<connector-info-uri id="core"	  name="Core"						  uri="/core-connector.xml" />
</connector-list>
