<?xml version="1.0" encoding="UTF-8"?>
<connector-info>
    <connector-location>
        <connector-jar-file-path url="${rcs.otds.url}/OTDSConnectors/rest/com.opentext.otds.connectors.rest-1.0.0.jar"/>
        <connector-package name="com.opentext.otds.connectors.rest"/>
        <connector-version version="1.0.0"/>
        <connector-class name="RestConnector"/>
    </connector-location>
	<supports-bulk-association value="true"/>
    <supports-null-attributes value="true"/>
	<supports-group-members-search value="true"/>
    <default-mapping>
        <object-mapping source="oTPerson" target="__ACCOUNT__">
            <attribute-mapping target="__NAME__" format="%s">
                <attribute-mapping-source name="oTExternalID1"/>
            </attribute-mapping>
            <attribute-mapping target="FirstName" format="%s">
                <attribute-mapping-source name="givenName"/>
            </attribute-mapping>
            <attribute-mapping target="LastName" format="%s">
                <attribute-mapping-source name="sn"/>
            </attribute-mapping>
			<attribute-mapping target="Email" format="%s">
                <attribute-mapping-source name="mail"/>
            </attribute-mapping>
        </object-mapping>
        <object-mapping source="oTGroup" target="__GROUP__">
            <attribute-mapping target="__NAME__" format="%s">
                <attribute-mapping-source name="cn"/>
            </attribute-mapping>
        </object-mapping>
    </default-mapping>
</connector-info>
